{
  "GET Activities" : {
    "transaction" : "GET Activities",
    "sampleCount" : 20,
    "errorCount" : 0,
    "errorPct" : 0.0,
    "meanResTime" : 1742.9499999999998,
    "medianResTime" : 1790.5,
    "minResTime" : 1509.0,
    "maxResTime" : 1805.0,
    "pct1ResTime" : 1798.8,
    "pct2ResTime" : 1804.7,
    "pct3ResTime" : 1805.0,
    "throughput" : 11.061946902654867,
    "receivedKBytesPerSec" : 2.8303028207964602,
    "sentKBytesPerSec" : 3.7161227876106193
  },
  "POST Activities" : {
    "transaction" : "POST Activities",
    "sampleCount" : 20,
    "errorCount" : 0,
    "errorPct" : 0.0,
    "meanResTime" : 42.3,
    "medianResTime" : 40.0,
    "minResTime" : 37.0,
    "maxResTime" : 59.0,
    "pct1ResTime" : 52.40000000000001,
    "pct2ResTime" : 58.699999999999996,
    "pct3ResTime" : 59.0,
    "throughput" : 270.27027027027026,
    "receivedKBytesPerSec" : 83.95798141891892,
    "sentKBytesPerSec" : 83.4301097972973
  },
  "Total" : {
    "transaction" : "Total",
    "sampleCount" : 40,
    "errorCount" : 0,
    "errorPct" : 0.0,
    "meanResTime" : 892.6249999999998,
    "medianResTime" : 784.0,
    "minResTime" : 37.0,
    "maxResTime" : 1805.0,
    "pct1ResTime" : 1796.0,
    "pct2ResTime" : 1798.9,
    "pct3ResTime" : 1805.0,
    "throughput" : 21.310602024507194,
    "receivedKBytesPerSec" : 6.036269645711242,
    "sentKBytesPerSec" : 6.868715037293554
  }
}